,name,address,categories,review_count,rating,price,latitude,longitude,yelp_id,name_input,address_input,city_input,hours
0,Wetzel's Pretzels,,Pretzels,57.0,3.0,$,34.0155771,34.0155771,XmIbvBdvy4DkWlwW0hDutw,WETZEL'S PRETZELS,1403 3RD STREET PROMENADE,SANTA MONICA,
1,Superior Grocers,,"Grocery, Bakeries, Meat Shops",48.0,3.0,$,34.022743,34.022743,yHbmF_sdmoqU22rfPvIIHQ,SUPERIOR GROCERS MEAT MARKET,3480 S LA BREA AVE,LOS ANGELES,
2,Le Pain Quotidien,,"Bakeries, Breakfast & Brunch, Coffee & Tea",389.0,4.0,$$,34.14606,34.14606,zHLlanpEyam5vZyN3_39Lg,LE PAIN QUOTIDIEN,13045 VENTURA BLVD,STUDIO CITY,
3,Pizza Joe's,,"Pizza, Salad, Sandwiches",130.0,4.0,$,34.1852289,34.1852289,BYLtDXrgUEzONRLgRd3viQ,PIZZA JOE'S,2287 N LAKE AVE,ALTADENA,
4,Golden Dragon Chinese,,Chinese,95.0,4.0,$,34.106878,34.106878,q1IqleP8gEi-v2NO62vtYQ,GOLDEN DRAGON CHINESE REST,1754 S GRAND AVE,GLENDORA,
5,Cinemark 18 and XD,,"Cinema, Venues & Event Spaces",400.0,2.5,,33.9786685,33.9786685,4ydzPQM7yY5ThBg6xXdJYA,CINEMARK LOWER SATELLITE CONCESSION,6081 CENTER DR STE 201,LOS ANGELES,
6,Sbarro,,"Italian, Pizza",26.0,2.5,$,34.0136367,34.0136367,CrRTCL3BmXd-lhvulqlRAQ,SBARRO PIZZA,395 SANTA MONICA PL #384,SANTA MONICA,
7,Electric Lotus,,Indian,388.0,4.5,$$,34.102787,34.102787,4LhbgdN4mxORJt3ZDc3r9Q,"PUBLIC HOUSE, BOLA, ELECTRIC LOTUS",1739 N VERMONT AVE,LOS ANGELES,
8,Raku Roll & Teriyaki,,Japanese,146.0,4.5,$,33.9983004,33.9983004,V7nZe3kogamRuskVPsYemA,RAKU TERIYAKI HOUSE,5416 NORWALK BLVD # B-1,WHITTIER,
9,,,,,,,,,,KOMASA RESTAURANT,351 E 2ND ST,LOS ANGELES,
10,Hwal A Kwang Jang,,"Korean, Seafood",200.0,4.0,$$,34.05871,34.05871,V3LOV2oYfCd6_a02z1-Z0A,HWAL UH KWANG JANG,730 S WESTERN AVE STE #101,LOS ANGELES,
11,Surati Farsan Mart,,"Indian, Vegetarian",589.0,3.5,$,33.862776,33.862776,SyfBHML1p50C26NyqqqlqQ,SURATI FARSAN MART,11814 E 186TH ST,ARTESIA,
12,Sam's Club,,"Grocery, Wholesale Stores, Tires",61.0,3.0,$$,34.293515,34.293515,h82-eVdZsEFiJ375lEiMbw,SAM'S CLUB MEAT DEPT,12920 FOOTHILL BLVD,SAN FERNANDO,
13,Old Village,,"Russian, Armenian",197.0,4.0,$$,34.13328,34.13328,uHrhJA1agOtOyUFxyBd9pA,OLD VILLAGE,1100 S CENTRAL AVE STE #D,GLENDALE,
14,Desert Rose,,"Mediterranean, American (New), Bars",910.0,3.5,$$,34.101978,34.101978,_LJ2Ub-G-UBQI9pHQvE-bA,DESERT ROSE,1700 HILLHURST AVE,LOS ANGELES,
15,Juice Crafters,,"Juice Bars & Smoothies, Breakfast & Brunch, Vegan",91.0,4.0,$$,34.107774,34.107774,FjeJOpiweItEdygOyv-49A,JUICE CRAFTERS,2740 N GRIFFITH PARK,LOS ANGELES,
16,,,,,,,,,,KANG'S KITCHEN,940 E DOMINGUEZ ST STE F,CARSON,
17,Hawaiian BBQ House,,"Hawaiian, Barbeque",68.0,3.0,$,34.0689051,34.0689051,CxiXifRbp3YwYxacuhhYqA,HAWAIIAN BBQ HOUSE,3552 W 3RD ST,LOS ANGELES,
18,,,,,,,,,,LOGE GALLERY BOX NORTH,777 W CHICK HEARN CT,LOS ANGELES,
19,Subway,,Sandwiches,14.0,2.5,$,34.2028192,34.2028192,SaGrVdkrSURmSVIzwhzJBQ,SUBWAY,7239 VAN NUYS BLVD,VAN NUYS,
20,Curry House,,"Seafood, Japanese Curry",633.0,3.5,$$,34.0685380940588,34.0685380940588,lnPXdWW66oxti7spOfK8aw,CURRY HOUSE,500 N ATLANTIC BLVD # #A110,MONTEREY PARK,
21,Restaurante Y Pupuseria El Manguito,,Latin American,67.0,4.5,$,34.200790735305,34.200790735305,xKNMgy0zJlsC1rh1gri3yw,EL MANGUITO,12650 SHERMAN WAY #19,NORTH HOLLYWOOD,
22,Blizz Frozen Yogurt,,Ice Cream & Frozen Yogurt,75.0,3.5,$,33.95429,33.95429,HZCP8KzSrvqZ8CLBnwbo3A,BLIZZ FROZEN YOGURT,10033 PARAMOUNT BLVD STE #E,DOWNEY,
23,Super A Foods,,Grocery,32.0,3.0,$$,34.0232172,34.0232172,1m4TvunlxcQil1oUTVZKCQ,SUPER A FOODS-BAKERY,2924 W BEVERLY BLVD,MONTEBELLO,
24,,,,,,,,,,MERCADO DON JUAN #2,2100 E NADEAU ST,LOS ANGELES,
25,Starbucks,,Coffee & Tea,121.0,4.0,$,34.157121,34.157121,As6KfXvjCvo2htiQNMNBhA,STARBUCKS #11603,4900 TOPANGA CANYON BLVD,WOODLAND HILLS,
26,Echigo,,"Sushi Bars, Japanese, Seafood",464.0,4.0,$$$,34.0399454538879,34.0399454538879,J-l4Semm7D0jomNbptmMUg,ECHIGO,12217 SANTA MONICA BLVD STE 201,LOS ANGELES,
27,Food 4 Less,,Grocery,52.0,3.0,$$,34.081493,34.081493,ydTxGiPwv9I9betXfcRmwA,FOOD 4 LESS MEAT DEPT #337,615 N AZUSA AVE,WEST COVINA,
28,Mi Tienda Meats,,"Grocery, Meat Shops",14.0,4.5,$$,34.0955396,34.0955396,wWC9ZSmXPFnkPN2wyUYIcA,MI TIENDA MEAT SHOP,1209 CYPRESS AVE,LOS ANGELES,
29,Don's Donuts,,Donuts,34.0,4.5,$,33.9963269,33.9963269,46AIkyMf4UbhNDlw6dSoDw,DON'S DONUTS,12751 W WASHINGTON BLVD,LOS ANGELES,
30,,,,,,,,,,MC DONALDS # 5668,950 W FLORAL DR,MONTEREY PARK,
31,96th Street Bistro,,"Steakhouses, American (New)",42.0,3.0,$$,33.949074,33.949074,t2GON4WPke4RDJvIgJHE5w,RENAISSANCE 96TH STREET BISTRO,9620 AIRPORT BLVD,LOS ANGELES,
32,The Savoy Entertainment Center,,Dance Clubs,168.0,3.0,$$,33.960954,33.960954,uDOjEHb3LNrBb8KU7CA2HA,THE SAVOY SUPPER CLUB,214 S LA BREA AVE,INGLEWOOD,
33,El Pollo Loco,,"Mexican, Fast Food",219.0,2.0,$,33.8564046261481,33.8564046261481,widNQUZf48l3ujqNGV--Vw,EL POLLO LOCO,19300 HAWTHORNE BLVD,TORRANCE,
34,Olive Garden Italian Restaurant,,"Italian, Salad, Soup",658.0,3.0,$$,34.190643,34.190643,iZo2Z6dLxOYTHmBGafXMjQ,OLIVE GARDEN # 1570,1741 N VICTORY PL,BURBANK,
35,Chunju Han-il Kwan,,Korean,763.0,4.0,$$,34.0630990152011,34.0630990152011,SDoOIzuz4k3m-SP071aykA,CHUNJU HAN-IL KWAN,3450 W 6TH ST STE #106,LOS ANGELES,
36,,,,,,,,,,THE LOFT,2210 ARTESIA BLVD,TORRANCE,
37,Albertos Mexican Food,,Mexican,37.0,3.0,$,34.09239,34.09239,yqNojoRtoDZYsUQTenUp1Q,ALBERTO MEXICAN FOOD,13805 LOS ANGELES ST,BALDWIN PARK,
38,Bistro Orient,,Asian Fusion,136.0,4.0,$$,34.168884,34.168884,kzPNH6SKj2glMFYJpdN0ig,BISTRO ORIENT,21799 VENTURA BLVD,WOODLAND HILLS,
39,See's Candies,,"Candy Stores, Gift Shops, Chocolatiers & Shops",30.0,4.0,$$,34.184488,34.184488,Bmv_k7V73B1IHdFbkDdnxA,SEE'S CANDIES #LA-85,6259 TOPANGA CANYON BLVD,WOODLAND HILLS,
40,J & B Donuts,,"Donuts, Ice Cream & Frozen Yogurt, Bubble Tea",16.0,5.0,$,34.0133788445075,34.0133788445075,wGW7_JnTxOKcJOmqWkq5jw,J&B DONUTS,2345 W WHITTIER BLVD,MONTEBELLO,
41,,,,,,,,,,CHEVRON FOOD MART #1840,2400 LINCOLN BLVD,VENICE,
42,Whole Foods Market,,"Grocery, Health Markets",204.0,3.0,$$,34.273752,34.273752,UFYHPnkPU5KdQ1ZXv-NecA,WHOLE FOODS MARKET #24 BAKER,19340 RINALDI ST # 24,PORTER RANCH,
43,Little Joes Fresh Mex,,"Tacos, Breakfast & Brunch, Burgers",122.0,4.0,$,34.11024,34.11024,LUXHrc4RY6DEttJ5wShDig,LITTLE JOE'S FRESH MEX,4171 E LIVE OAK AVE,ARCADIA,
44,,,,,,,,,,PERSIA LOUNGE & RESTAURANT,24328 MAIN ST,NEWHALL,
45,Taqueria Los Amigos,,Mexican,18.0,4.0,$,34.066938,34.066938,S4p_2FMdYJR6Cq0seNFiww,LOS AMIGOS,13918 E FRANCISQUITO AVE STE B,BALDWIN PARK,
46,,,,,,,,,,"SB TOWER - 2ND LEVEL BARS: PENNY, TELLER & VAULT",650 S SPRING ST,LOS ANGELES,
47,Antelope Valley Partners for Health,,Community Service/Non-Profit,2.0,3.0,,34.6864852905273,34.6864852905273,ZvDbXlgG2PwKrpM4O4yIiA,A.V. PARTNERS FOR HEALTH,44226 10TH ST W,LANCASTER,
48,Panzanella Ristorante,,"Sicilian, Wine Bars",446.0,4.0,$$$,34.15213,34.15213,jNAKiScdPds6Pf4jL98gXg,PANZANELLA RISTORANTE,14928 VENTURA BLVD,SHERMAN OAKS,
49,Haige Star Boulevard,,Chinese,53.0,2.5,$$,33.988001,33.988001,wTvNXDz999LkQYzZhus2hQ,HAIGE STAR BOULEVARD,18438 E COLIMA RD STE #105,ROWLAND HEIGHTS,
50,,,,,,,,,,VOSS,3617 W 3RD ST,LOS ANGELES,
51,Micky's West Hollywood,,"Dance Clubs, Gay Bars, American (New)",534.0,3.0,$$,34.085462,34.085462,Pz-adVTfZj9w6YBYRxVzWQ,MICKY'S,8857 SANTA MONICA BLVD,WEST HOLLYWOOD,
52,Wood Ranch BBQ & Grill,,"Barbeque, Bars, American (New)",905.0,4.0,$$,34.2408728126256,34.2408728126256,DaL4PYvPp5nmr26TBCnd1A,WOOD RANCH BBQ & GRILL,9301 TAMPA AVE # 226,NORTHRIDGE,
53,An An Tong,,Acupuncture,1.0,5.0,,34.1018218994141,34.1018218994141,K_HAzVSOuvV5hKisbzKSXA,AN AN TONG,150 S SAN GABRIEL BLVD,SAN GABRIEL,
54,Tam's Burgers,,Burgers,270.0,3.0,$,33.95694,33.95694,0tsNtS0caiDiDQs44T0uGQ,TAM'S SUPER BURGERS,13448 LAMBERT RD,WHITTIER,
55,Hellenic Center,,Venues & Event Spaces,4.0,5.0,,34.6715545654297,34.6715545654297,ivhtKm-NyGjfJ-v73UpzeA,HELLENIC CENTER,43404 W 30TH ST W,LANCASTER,
56,Best Burger,,"Burgers, Breakfast & Brunch, Mexican",37.0,4.0,$,34.0400599,34.0400599,DvHHrFI3GlSMi9AIoxp6qg,BEST BURGER,4531 W WASHINGTON BLVD,LOS ANGELES,
57,Shalimar Cuisine Of India,,"Indian, Asian Fusion, Buffets",373.0,4.0,$$,34.16496,34.16496,TI25WNthJRjF0pk2X8kP6A,SHALIMAR CUISINE OF INDIA,23011 VENTURA BLVD,WOODLAND HILLS,
58,,,,,,,,,,ISLAND FINE BURGERS & DRINK,6081 CENTER DR STE 104,LOS ANGELES,
59,,,,,,,,,,RALPH'S GROCERY DELI # 17,8325 LAUREL CANYON BLVD,SUN VALLEY,
60,El Comandante,,"Latin American, Nicaraguan",60.0,3.0,$$,34.2284865001115,34.2284865001115,O3V0MrYKpL--8eV242TfxQ,EL COMANDANTE,15335 PARTHENIA ST,NORTH HILLS,
61,,,,,,,,,,EL TACAZO,4148 FLORENCE AVE,BELL,
62,,,,,,,,,,LSG SKYCHEFS,6901 W IMPERIAL HWY,LOS ANGELES,
63,Yummy's,,Cafes,73.0,5.0,$,34.0695439,34.0695439,RVZz-GeS1WloGZ1tKGvMlA,YUMMY'S,250 N ROBERTSON BLVD STE #109,BEVERLY HILLS,
64,,,,,,,,,,AUTENTICO SABOR CASERO,7526 S HOOVER ST,LOS ANGELES,
65,,,,,,,,,,RALPH'S #85 MEAT DEPT,16123 BELLFLOWER BLVD,BELLFLOWER,
66,Folklore Istmeño,,Mexican,31.0,5.0,$$,34.2031935788081,34.2031935788081,3ABrs9mPSVX5uYB8gFpmeA,FOLKLORE,7302 SEPULVEDA BLVD,VAN NUYS,
67,Ramen N.A.O.,,Ramen,96.0,4.0,$$,34.062255859375,34.062255859375,htER1Rv9CFsPwYZBejjvjg,RAMEN  N.A.O.,610 E GARVEY AVE,MONTEREY PARK,
68,Chango Coffee,,"Coffee & Tea, Sandwiches, Vegan",235.0,3.5,$,34.0812621,34.0812621,LN5jV0W9M6kiqAKUngpTJA,CHANGO,1559 ECHO PARK AVE,LOS ANGELES,
69,Noemi's Mexican Food,,Mexican,89.0,3.5,$$,33.9005874253026,33.9005874253026,gbo6unTk1t743HsCel8QPQ,NOEMI'S TORTILLERIA,14350 S PIONEER BLVD,NORWALK,
70,,,,,,,,,,EL POLLO LOCO,5001 WILSHIRE BLVD STE 101,LOS ANGELES,
71,Five Star Bar,,"Dive Bars, Music Venues",116.0,3.5,$,34.0498297878566,34.0498297878566,qkC-D4K7PrDIWGw_2geZcA,FIVE STAR,267 S MAIN ST,LOS ANGELES,
72,Quiznos,,"Sandwiches, Delis",32.0,3.0,$,33.9826403,33.9826403,RhvNO1kURDRW3OBeOGjRIQ,QUIZNO'S,6257 BRISTOL PKWY,CULVER CITY,
73,Washington Square Market,,Grocery,16.0,2.0,$,34.038994,34.038994,cDQmAkXBE_Nxe5nEG04R3g,WASHINGTON SQUARE MARKET,4040 W WASHINGTON BLVD,LOS ANGELES,
74,Subway,,Sandwiches,33.0,1.5,$,33.9706304076606,33.9706304076606,tEtUn9H4DBaFL3p2YpoBAQ,SUBWAY #23933,7116 S ATLANTIC AVE,BELL,
75,Mex Express,,Mexican,20.0,4.5,$,34.04811,34.04811,hli_eGtHw93X1rh_98hv1Q,THE MEXICAN EXPRESS,14316 AMAR RD E,LA PUENTE,
76,El Super Taco,,Mexican,146.0,3.0,$,33.9891994,33.9891994,SLWvw5bAzVCIqXwB2jq65Q,EL SUPER TACO DELUXE,11499 JEFFERSON BLVD # #1,CULVER CITY,
77,Armen Market,,"Grocery, Delis",88.0,4.0,$,34.1783099705682,34.1783099705682,H8BR1Z1YtYsnuf1eKjCEdg,ARMEN MARKET,1873 N ALLEN AVE,PASADENA,
78,Make Out,,"Cafes, Juice Bars & Smoothies, Vegan",209.0,4.0,$$,34.0236381,34.0236381,2CIqeq15s7xhfHqtzSEshw,MAKE OUT,9426 WASHINGTON BLVD,CULVER CITY,
79,,,,,,,,,,MUSCLE BEACH LEMONADE,3217 GLENDALE GALLERIA,GLENDALE,
80,Honeysuckle,,"Bubble Tea, Coffee & Tea, Juice Bars & Smoothies",342.0,4.0,$,33.79014,33.79014,Hq11KzVV57dviRPKemoKMA,HONEYSUCKLE,3199 E PACIFIC COAST HWY STE 101,SIGNAL HILL,
81,,,,,,,,,,MARKET,1208 E HUNTINGTON DR,DUARTE,
82,,,,,,,,,,WAL-MART #2082 (DELI),12701 TOWNE CENTER DR,CERRITOS,
83,Mo Better Burgers,,Burgers,615.0,4.5,$,34.05867,34.05867,7ZZeVkEsU2dINb03Yf_R2g,MO BETTER BURGERS,901 S LA BREA AVE STE #2,LOS ANGELES,
84,Coyote Joe's,,Mexican,393.0,3.0,$$,33.343037856249,33.343037856249,oyjrFDeenLgwIAK1B49jGA,COYOTE JOE'S,113 CATALINA AVE,AVALON,
85,Relicario Meat Mkt,,"Grocery, Meat Shops",1.0,5.0,,33.9849548339844,33.9849548339844,LD2WR8ut2giBA4h1bjTFGA,EL RELICARIO MEAT MARKET,6008 ATLANTIC BLVD,MAYWOOD,
86,Hot Wings Cafe,,"Chicken Wings, Sandwiches",416.0,3.0,$$,34.1550572,34.1550572,GOqp-eJkS7EdYijtYGul7A,HOT WINGS CAFE #4,4609 VAN NUYS BLVD,SHERMAN OAKS,
87,Vons,,Grocery,97.0,2.5,$$,34.144562,34.144562,7IVtlvxb9oiyEI-ZY1yZ9Q,STARBUCKS-VONS #1674,4033 LAUREL CANYON BLVD,STUDIO CITY,
88,Socorro's Mexican Food,,Mexican,149.0,3.0,$,34.257801427578,34.257801427578,CYpchFebQuQPtQArZu3OUA,SOCORRO'S RESTAURANT,10307 ZELZAH AVE,PORTER RANCH,
89,On The Run Wireless & Food Mart,,"Truck Rental, Mobile Phones, Convenience Stores",6.0,5.0,$$,34.25681,34.25681,PbG48x-cTclUpJgTitAtMQ,ON THE RUN WIRELESS,10245 SEPULVEDA BLVD,MISSION HILLS,
90,,,,,,,,,,NACHO'S KITCHEN,2100 N SANTA FE AVE,COMPTON,
91,Jack in the Box,,"Burgers, Fast Food, Tacos",57.0,2.0,$,34.0395469991484,34.0395469991484,q24BwR-1J2gjfZopcJywhw,JACK IN THE BOX #3377,1906 S CRENSHAW BLVD,LOS ANGELES,
92,Fresh Korean BBQ,,"Korean, Barbeque",803.0,3.5,$$,34.2014119725863,34.2014119725863,oGWaiwqNLoX9NyFW65ogvQ,FRESH KOREAN BBQ,17623 SHERMAN WAY,VAN NUYS,
93,,,,,,,,,,SNACK SHOP,6331 WOODLEY AVE,VAN NUYS,
94,Super Bionicos,,"Juice Bars & Smoothies, Sandwiches",56.0,4.5,$,34.086591,34.086591,QAj2kn-oYn0_rONOJFmtug,SUPER BIONICOS,14315 E RAMONA BLVD STE #B,BALDWIN PARK,
95,22nd St Landing Seafood Grill & Bar,,"Seafood, Wine Bars, Venues & Event Spaces",473.0,3.5,$$,33.7251118820347,33.7251118820347,slisoI3QDCV6QX85Yg_NPA,22ND ST BAR AND GRILL,141 W 22ND ST,SAN PEDRO,
96,Chifa Cafe,,Cantonese,64.0,4.0,$,33.99781,33.99781,8vijsM1RR_cSOii6uEW3pw,CHIFA CAFE,1345 S DIAMOND BAR BLVD STE J,DIAMOND BAR,
97,Asia Foods,,Grocery,37.0,3.5,$,34.0214549,34.0214549,XU1S9MAO-rynlEzGEBjnJQ,ASIA FOODS,10200 VENICE BLVD STE #105,CULVER CITY,
98,Carson Market,,Grocery,3.0,2.5,,33.83199,33.83199,vH9am4OFi_eJ3POYK-nH-w,CARSON MARKET,2625 E CARSON ST,CARSON,
99,La Herradura Meat Market,,Meat Shops,4.0,5.0,$,34.0062757504967,34.0062757504967,4Ie1BkK9GWvuKOMvIUFrtg,LA HERRADURA MEAT MARKET,18163 E VALLEY BLVD,LA PUENTE,
100,,,,,,,,,g_Sh5UB3aof0BNIAjlHSaA,RED ROBIN BURGER & SPIRITS,1815 HAWTHORNE BLVD STE 150,REDONDO BEACH,
101,Vons,,Grocery,98.0,3.0,$$,34.0266323,34.0266323,NHJ4HGS1ShOhfKKLwgjX-Q,VONS BAKERY #2077,3118 S SEPULVEDA BLVD,LOS ANGELES,
102,Yogurtland Artesia,,Ice Cream & Frozen Yogurt,249.0,4.0,$,33.86591,33.86591,CU0gcI2ItuaP1qQRou-oCg,"YOGURTLAND, ARTESIA",18170 PIONEER BLVD,ARTESIA,
103,,,,,,,,,,SUBWAY,4055 W AVENUE L,LANCASTER,
104,Los Pinos Market,,"Breakfast & Brunch, Tacos",31.0,4.0,$,34.08527,34.08527,PK8JJeiCMB60r2Ia7ZV4UA,LOS PINOS MARKET,4822 HUNTINGTON DR S,LOS ANGELES,
105,Joom Bangkok Cafe,,"Thai, Asian Fusion",690.0,4.0,$$,34.07641733,34.07641733,PXVWawuj5PgqLbASuO7W9A,JOOM BANGKOK CAFE,7825 BEVERLY BLVD STE 2,LOS ANGELES,
106,Elephant Bar Restaurant,,"Bars, Asian Fusion, American (New)",286.0,3.5,$$,33.8840065002441,33.8840065002441,cxyuLlKamsGXjiKl-syzSg,ELEPHANT BAR,14303 FIRESTONE BLVD,LA MIRADA,
107,Lure Fish House,,Seafood,2271.0,4.5,$$,34.151,34.151,Xoc9VDZXU0kkiRc_6Xw58Q,LURE FISH HOUSE,30970 RUSSELL RANCH RD,WESTLAKE VILLAGE,
108,Panda Express,,"Chinese, Fast Food",87.0,2.5,$,34.2217292785645,34.2217292785645,VmyaCfWvOJdbVOIGOfZ5KQ,PANDA EXPRESS #1234,15303 ROSCOE BLVD,PANORAMA CITY,
109,,,,,,,,,,THE MORRISON,3179 LOS FELIZ BLVD,LOS ANGELES,
110,Birrieria Tlaquepaque,,Mexican,90.0,3.5,$$,33.97442,33.97442,KAvvuHFEtWEK3C4kl5VTPg,BIRRIERIA TLAQUEPAQUE #2,1734 E FLORENCE AVE,LOS ANGELES,
111,Rossmoor Pastries,,Bakeries,685.0,4.0,$$,33.7991,33.7991,RiKa0wF8171uFnTUhq3blQ,ROSSMOOR PASTRIES,2325 REDONDO AVE,SIGNAL HILL,
112,Musashi Restaurant,,"Japanese, Sushi Bars",178.0,2.5,$$,34.2343259,34.2343259,bVRMOkjNJyz_8GNCGP9YDA,MUSASHI,9046 TAMPA AVE,NORTHRIDGE,
113,The Palace,,Chinese,489.0,4.0,$$,34.11029,34.11029,KhGnNCjeyI0BuxHwDJ4Uzg,THE PALACE,2112 N HILLHURST AVE,LOS ANGELES,
114,Subway,,"Sandwiches, Fast Food",22.0,3.5,$,34.2283967,34.2283967,dj6pmBcD4yOvM8CtsH52-w,SUBWAY # 61596,8672 LINDLEY AVE,NORTHRIDGE,
115,Chicharroland,,Mexican,93.0,4.5,$$,34.0005895363191,34.0005895363191,encr0DAQTk026tnpBi7dfQ,CHICHARROLAND,4714 S MAIN ST,LOS ANGELES,
116,Richie Palmer's Pizzeria,,Pizza,51.0,3.5,$,34.1444162162321,34.1444162162321,MaUU9kxR01rkJ0DPMDlofw,RICHIE PALMERS PIZZERIA,658 AMERICANA WAY,GLENDALE,
117,Ojiya,,"Japanese, Sushi Bars",294.0,3.5,$$,34.009569,34.009569,AdPDJ_rsXt1_fpBroRe0mQ,OJIYA,15904 E GALE AVE,HACIENDA HEIGHTS,
118,Plaza Fish Market,,Seafood Markets,20.0,4.0,$,34.0102426,34.0102426,3SiRkp57j7CwINBRA5hoQg,PLAZA FISH MARKET,4042 S WESTERN AVE,LOS ANGELES,
119,Double Deal Pizza,,"Pizza, Chicken Wings, Sandwiches",111.0,4.5,$,34.2593,34.2593,T3NlBHFjJPRqovM_cZeEGw,DOUBLE DEAL PIZZA,8530 FOOTHILL BLVD STE #A,SUNLAND,
120,Superior Grocers,,"Grocery, Bakeries, Meat Shops",31.0,2.5,$,33.88804,33.88804,8Gyp0XYw_oxtdgLb1jLlag,SUPERIOR GROCERS #140 MEAT DEPT,16100 LAKEWOOD BLVD,BELLFLOWER,
121,Erewhon Market,,"Grocery, Juice Bars & Smoothies, Organic Stores",786.0,3.5,$$$,34.075923,34.075923,4tUWzQAv6UBWzkfsOhHPRQ,EREWHON MARKET JUICE KITCHEN,7660 BEVERLY BLVD,LOS ANGELES,
122,Pho Viet Cali,,Vietnamese,384.0,4.5,$,34.2090231704839,34.2090231704839,8OhP5X7-lHdbDluYqFgqUg,PHO VIET CALI,18111 SATICOY ST,RESEDA,
123,7-Eleven,,"Convenience Stores, Coffee & Tea",7.0,2.5,$,33.9088622759122,33.9088622759122,NuuxqXrbimF2Felt4By6Dg,7-ELEVEN STORE,3300 W 135TH ST,HAWTHORNE,
124,Hinotori,,Japanese,190.0,3.5,$$,34.1259897,34.1259897,RmQYGe-21RYFr526bn1VlQ,HINOTORI,713 W DUARTE RD STE #H,ARCADIA,
125,Super Pizza Veloz,,Pizza,46.0,4.0,$,33.963622,33.963622,SXt7Akc5UrhWp-Lr9LRsRQ,SUPER PIZZA VELOZ,7625 EASTERN AVE STE A,BELL GARDENS,
126,Super Wok,,Chinese,5.0,3.5,$,33.904275,33.904275,yD2qoPAGxepA7e5FNgyBWw,SUPER WOK RESTAURANT,12919 S ATLANTIC AVE # A,COMPTON,
127,Las 7 Regiones,,"Mexican, Specialty Food",48.0,4.5,$$,34.0471251,34.0471251,5B69ChIZRSXvOM5WUG8xzw,LAS 7 REGIONES DE OAXACA,2648 W PICO BLVD,LOS ANGELES,
128,International Buffet,,"Buffets, American (Traditional), Chinese",174.0,2.0,$$,34.03259,34.03259,2xgpby3QWOugeIjiXVm_fA,INTERNATIONAL BUFFET,2323 VIA CAMPO,MONTEBELLO,
129,Frankie And Johnnie's,,"Pizza, Italian",226.0,2.0,$$,33.9831074,33.9831074,XQcQwlIKeaNwr_So1R-2QA,FRANKIE & JOHNNIE'S NEWYORK,534 WASHINGTON BLVD,MARINA DEL REY,
130,,,,,,,,,,PIT FIRE PIZZA,12924 W WASHINGTON BLVD,LOS ANGELES,
131,Panera Bread,,"Salad, Soup, Sandwiches",251.0,3.0,$$,33.984920853819,33.984920853819,F5ddgspTmogaYHUvJM35LQ,PANERA BREAD #1703,8700 WASHINGTON BLVD,PICO RIVERA,
132,Kome,,"Buffets, Japanese",285.0,2.5,$$,33.995304107666,33.995304107666,sS4bh3kJUmwlRpWNI-nTkw,KOME INTERNATIONAL CUISINE,18061 E GALE AVE,INDUSTRY,
133,,,,,,,,,,ARLETA LIQUOR MARKET,14015 VAN NUYS BLVD,ARLETA,
134,Wingstop,,Chicken Wings,97.0,2.5,$$,33.9020449,33.9020449,Tni0oHQCVznJjY1x2lkbUg,WINGSTOP,2201 W ROSECRANS AVE,GARDENA,
135,Panda King Chinese Restaurant,,Chinese,72.0,3.5,$,33.91612,33.91612,w2GMJCaG0UVs0bLAFwQfUw,PANDA KING,11556 E IMPERIAL HWY,NORWALK,
136,El Pollo Loco,,"Fast Food, Mexican",67.0,2.5,$,34.11151,34.11151,7iWMwVrZAs9YPCcr2LqjHg,EL POLLO LOCO #3785,6009 N FIGUEROA ST,LOS ANGELES,
137,Trimana,,Cafeteria,9.0,2.5,$,34.1006602,34.1006602,CgtNLNuY3c0V3a1k3Yq82Q,TRIMANA GRILL IRW INDALE,4910 RIVERGRADE RD,IRWINDALE,
138,Petit Bistro Coffee Shop,,"Coffee & Tea, Fast Food",9.0,5.0,$,34.1581661,34.1581661,pvwPeAWpuwbQgsXkbz_ySQ,PETIT BISTRO COFFEE SHOP,16633 VENTURA BLVD STE 520,ENCINO,
139,Chevron - Porter Ranch,,Gas Stations,27.0,2.0,,34.2746269681557,34.2746269681557,zxwmC6kfEJNG8HVzQaoMkg,PORTER RANCH CHEVRON,11240 TAMPA AVE,PORTER RANCH,
140,,,,,,,,,,THE GREAT AMERICAN GRILL & B,2005 N HIGHLAND AVE,LOS ANGELES,
141,Del Taco,,"Fast Food, Mexican",69.0,3.0,$,34.207805,34.207805,Jw2vUUU3QVlnPkgPAIZ0OA,DEL TACO #73,7545 BALBOA BLVD,VAN NUYS,
142,Jack in the Box,,"Fast Food, Burgers, Tacos",30.0,2.0,$,34.06149871637861,34.06149871637861,238KVgCgxxcSw1gaUBYw5w,JACK IN THE BOX #370,1135 N MISSION RD,LOS ANGELES,
143,Mi Sombrero Azul,,Spanish,13.0,2.0,,34.1940362465351,34.1940362465351,znatqfWHVC5UB1qi_AsYNw,MI SOMBREREO AZUL,20039 VANOWEN ST,WINNETKA,
144,Mashawi Grill,,"Middle Eastern, Mediterranean, Vegetarian",388.0,4.0,$$,33.7934479,33.7934479,l4gnsZK7XAb0VJp8tXthpQ,MASHANI GRILL,25362 CRENSHAW BLVD,TORRANCE,
145,Louisiana Famous Fried Chicken,,Fast Food,10.0,3.0,$,33.9167404174805,33.9167404174805,xJLV_kbR5APr_e-JepARsQ,LOUISIANA FRIED CHICKEN & HONG 2,12730 S FIGUEROA ST # 101,LOS ANGELES,
146,,,,,,,,,,SELECTA SUPERMARKET,4364 W 3RD ST,LOS ANGELES,
147,R-Ranch Markets Ace Hardware,,Hardware Stores,1.0,1.0,,33.907961,33.907961,FD-rX2okAOk_aA1CaPVeZQ,R-RANCH MKT #6 BAKERY & DELI,1800 N LONG BEACH BLVD,COMPTON,
148,Subway,,Sandwiches,20.0,2.5,$,34.1341457227977,34.1341457227977,gH2w_W5pWCw4L8oU8qrX7g,QUICK BITES SUBWAY,1195 W FOOTHILL BLVD,AZUSA,
149,La Cafeina Cafe & Taqueria,,Mexican,126.0,4.0,$,34.08589,34.08589,SYxciN9Fx-0BlxHdsOb0lA,CAFEINA CAFE,408 S PALM AVE,ALHAMBRA,
150,,,,,,,,,,LOS COMPADRES,633 N SPRING ST STE #  8,LOS ANGELES,
151,,,,,,,,,,SHARKEY'S,808 W AVENUE L,LANCASTER,
152,Subway,,"Sandwiches, Fast Food",5.0,2.0,,34.0703779,34.0703779,Omm8BOvx6fNyP_N4fhkD7g,SUBWAY #21918-1,9200 PLAZA DR,WEST COVINA,
153,Denny's,,"Diners, Breakfast & Brunch, American (Traditional)",136.0,2.5,$$,33.877229,33.877229,FJDvqh15NtZB-A5aZkDNtw,DENNY'S #6059,16907 PIONEER BLVD,ARTESIA,
154,House Of Boba,,"Juice Bars & Smoothies, Sandwiches, American (Traditional)",53.0,4.5,$,33.98642,33.98642,fuWDAc8MP08YnZ-evy7GmA,HOUSE OF BOBA,5930 S MAIN ST STE 102,LOS ANGELES,
155,,,,,,,,,,RODREGUS MARKET,2812 E CESAR E CHAVEZ AVE,LOS ANGELES,
156,,,,,,,,,,"SUITE'S PANTRY ""C"" LEVEL",1111 S FIGUEROA ST,LOS ANGELES,
157,Stout Burgers & Beers,,"Burgers, Gastropubs, American (Traditional)",872.0,4.0,$$,34.0142528,34.0142528,NrDxjTIhchyNHIABg8Prtg,STOUT BURGERS & BEER,111 SANTA MONICA BLVD,SANTA MONICA,
158,,,,,,,,,,ALBERTSON'S #191 - BAKERY & DELI,5015 E DEL AMO BLVD,LAKEWOOD,
159,Five Guys,,"Burgers, Fast Food",316.0,3.5,$$,34.06217,34.06217,gTh91MHnEofFq0_evLEPcA,FIVE GUYS BURGERS & FRIES #1430,5550 WILSHIRE BLVD STE D,LOS ANGELES,
160,Bottega Romana,,"Italian, Wine Bars",296.0,4.0,$$,33.81947,33.81947,B39UZoMykeIHo37vCQKp4A,BOTTEGA ROMANA,215 AVENUE I #101,REDONDO BEACH,
161,Metro Billiards,,"Pool Halls, Filipino, American (Traditional)",4.0,4.5,,33.8318349,33.8318349,9GYFwIPhUO4LbYi6YV6i-g,METRO BILLIARDS,307 E CARSON ST,CARSON,
162,Original Tommy's Hamburgers,,"Burgers, Fast Food",183.0,4.0,$,33.98915,33.98915,aKBLbTOH9N97u_iJe3phdw,TOMMY'S HAMBURGER,1627 E FULLERTON RD,ROWLAND HEIGHTS,
163,Wok Restaurant,,Chinese,151.0,4.0,$,33.99987,33.99987,MAMjRh-J2VS-eq2L4zgmzg,WOK CHINESE RESTAURANT,1247 S DIAMOND BAR BLVD,DIAMOND BAR,
164,TJ's Submarine,,Sandwiches,111.0,4.0,$,34.0388896,34.0388896,ysVhaclcaYMwyV4VGxD0Ug,TJ'S SUBMARINE,1054 N HACIENDA BLVD,LA PUENTE,
165,Shanghailander Palace,,"Asian Fusion, Shanghainese",357.0,3.0,$$,33.991262,33.991262,tuPXW-BhQ71hLc0ENf7tEw,SHANE HAILANDER PALACE,1695 S AZUSA AVE,HACIENDA HEIGHTS,
166,Guanajuato Meat Market,,"Mexican, Meat Shops",36.0,4.0,$,33.7417671,33.7417671,bZuyNuCybXFhn6dgSO6B-w,GUANAJUATO MARKET,235 S PACIFIC AVE STE #D,SAN PEDRO,
167,Tusquellas Sea Foods,,Seafood Markets,1.0,4.0,$$,34.0722,34.0722,iYqSduW3eJ0O9_6fFsecOg,BOB TUSQUELLAS SEA FOODS,6333 W 3RD ST STE #138,LOS ANGELES,
168,Rodriguez Produce,,Fruits & Veggies,1.0,1.0,,34.268497,34.268497,cRe3Xonsue-fg_cgG0tImA,LA BODEGA MEAT AND PRODUCE,10915 SAN FERNANDO RD,PACOIMA,
169,,,,,,,,,,SMART & FINAL #727 - MARKET,280 E COMPTON BLVD,COMPTON,
170,,,,,,,,,,SANTA BARBARA MINI MARKET,5037 COMPTON AVE,LOS ANGELES,
171,,,,,,,,,bH-fgGU1S_IOqhxWINj3BQ,CAMACHO'S RESTAURANT,5615 WHITTIER BLVD UNIT A,COMMERCE,
172,Costco Wholesale,,"Wholesale Stores, Gas Stations",390.0,3.5,$$,34.11229,34.11229,UCWdvgFwNsXX8Qoq0uVhCw,COSTCO BAKERY # 1015,520 N LONE HILL AVE,SAN DIMAS,
173,Gloria's Restaurant & Bar,,"Mexican, Bars, Seafood",325.0,4.0,$$,33.9677999,33.9677999,RDJcioKEyvAfB4D3UAqiig,GLORIAS RESTAURANT,7823 PACIFIC BLVD,HUNTINGTON PARK,
174,L A Donuts,,Donuts,5.0,4.0,,33.90112,33.90112,zz31jbbshewkayBDdUWSaw,LA DONUTS,1012 W ROSECRANS AVE,GARDENA,
175,,,,,,,,,,MCDONALD'S # 33615,9185 DE SOTO AVE,CHATSWORTH,
176,,,,,,,,,Ps0HxqHXGdMNIK0DKsv5dg,BIG 5 SPORTING GOODS #104,24329 MAGIC MOUNTAIN PKWY,VALENCIA,
177,Little Caesars Pizza,,Pizza,30.0,2.0,$,34.129568077653,34.129568077653,0ncbfzx-v9N9yducNOFY-A,LITTLE CAESARS PIZZA,1139 E ALOSTA AVE,AZUSA,
178,El Quezalteco Restaurant,,"Salvadoran, Mexican",2.0,5.0,$,34.0254451,34.0254451,cbgguj0AS28qGcUuJLVM1g,EL QUEZALTECO,3304 W JEFFERSON BLVD,LOS ANGELES,
179,Sizzler - Lomita,,"Seafood, Steakhouses, Salad",72.0,3.0,$$,33.789786,33.789786,RLRm-MLGLQnKhldbIiULMA,SIZZLER,2421 PACIFIC COAST HWY,LOMITA,
180,Jim's Burgers,,"Burgers, Mexican, Breakfast & Brunch",19.0,3.0,$,33.83181,33.83181,r1rACJdhbDnOihyMOIFXoQ,JIM'S BURGERS,12309 E CARSON ST,HAWAIIAN GARDENS,
181,Red Ribbon Bakeshop,,Bakeries,66.0,3.5,$,33.874548,33.874548,kvJGHgKv2NlkZx29n0MLkA,RED RIBBON BAKESHOP,17202 NORWALK BLVD,ARTESIA,
182,IHOP,,"Breakfast & Brunch, American (Traditional), Burgers",324.0,2.5,$$,33.95968,33.95968,dqk0QwIwlYXpG4XSyJv1sQ,IHOP #782,8600 S SEPULVEDA BLVD # #0000,LOS ANGELES,
183,Half & Half Tea Express - Monterey Park,,"Juice Bars & Smoothies, Bubble Tea",2784.0,3.5,$,34.063556775734,34.063556775734,6LX_8yylVVbz-4jyaiSVCw,HAIF & HALF TEA HOUSE,141 N ATLANTIC BLVD STE #112,MONTEREY PARK,
184,Tacos Raul,,Mexican,20.0,4.0,$,33.903902631453,33.903902631453,OS6yEt-qw8ErrY6ET15Gmg,TACOS RAUL,1301 E ROSECRANS AVE STE 108,COMPTON,
185,Burger Bistro Grill,,"Burgers, Bars, American (New)",72.0,4.0,$$,33.8731422424316,33.8731422424316,b47-WokO3NAQe7HLTQOWTw,BISTRO BURGER GRILL,3605 ARTESIA BLVD,TORRANCE,
186,Formosa Cafe,,"Asian Fusion, Cocktail Bars",328.0,4.0,$$,34.09030433,34.09030433,JD6tyqraOsi5xF10J0KEwQ,FORMOSA CAFE,7156 SANTA MONICA BLVD,WEST HOLLYWOOD,
187,,,,,,,,,,T.G.I. FRIDAY'S #2158,1725 S ALAMEDA ST,COMPTON,
188,Taco Bell,,"Tex-Mex, Fast Food, Mexican",1.0,2.0,$,33.8653788283477,33.8653788283477,OwDCJLfhIBiHWCH2e9TupA,TACO BELL / A&W,1000 E VICTORIA ST # 210M,CARSON,
189,Rodeo Mexican Grill,,Mexican,311.0,3.5,$$,34.0502011713576,34.0502011713576,dTs9nZSt2ht9-5T9yeIoiA,RODEO MEXICAN GRILL #2,1721 W OLYMPIC BLVD,LOS ANGELES,
190,Vons,,"Grocery, Pharmacy",97.0,2.5,$$,34.259236,34.259236,TyVobDnoRwaSI5qrpVKIdw,VONS MEAT #2124,7789 FOOTHILL BLVD,TUJUNGA,
191,Rincon De Guayabitos no.2,,Mexican,22.0,5.0,$$,34.02126,34.02126,z65HCg6_eGEdZc_HJJvnyg,RINCON DE GUAYABITOS #2,134 1/2 N 1ST ST,LA PUENTE,
192,United Oil 76,,"Gas Stations, Convenience Stores, Car Wash",13.0,3.5,$$,34.0846937062607,34.0846937062607,ImMXI6qcm7WV6YWWNmO9Ug,UNITED OIL #148,800 N WESTERN AVE,LOS ANGELES,
193,El Tarasco,,Mexican,113.0,3.0,$,33.9312210083008,33.9312210083008,WoyneT8MeWqr0u1ns0hOHg,EL TARASCO,4675 W IMPERIAL HWY,INGLEWOOD,
194,All Indian Sweets and Snacks,,"Indian, Grocery",233.0,4.0,$,33.83976,33.83976,zEZAiyhDGY7okjoZYA7qEw,ALL INDIAN SWEETS & SNACKS,20916 HAWTHORNE BLVD,TORRANCE,
195,Hansol Lunchbox,,Korean,7.0,4.5,,34.056809,34.056809,MFmJXFFwppqPtS-7It7sbg,HANSOL LUNCHBOX,2520 W 8TH ST STE 101,LOS ANGELES,
196,,,,,,,,,,LANCER'S,697 N VICTORY BLVD,BURBANK,
197,,,,,,,,,,YC GINSENG & HERB,443 W GARVEY AVE STE #B,MONTEREY PARK,
198,Chipotle Mexican Grill,,"Mexican, Fast Food",327.0,3.5,$,34.2374706022105,34.2374706022105,UAextREPh5irJvgjX30iBQ,CHIPOTLE MEXICAN GRILL #629,9205 RESEDA BLVD,NORTHRIDGE,
199,Lupita's Bakery,,"Bakeries, Custom Cakes",135.0,3.5,$$,33.97429,33.97429,HQoJNMj2pkistgNYbGniQA,LUPITA'S BAKERY,1848 W FLORENCE AVE,LOS ANGELES,
200,Hagop Restaurant,,Middle Eastern,26.0,4.0,$$,34.1498169,34.1498169,cYyZZKrwpHjZjwgPYo21hQ,HAGOP RESTAURANT,14228 VENTURA BLVD,SHERMAN OAKS,
201,Corona Beach House Lax,,"Bars, Mexican",56.0,2.5,$$,33.9414131217083,33.9414131217083,xZO9lKu-TiA0mzuTLjtFMA,CORONA BEACH HOUSE,800 WORLD WAY # 8C,LOS ANGELES,
202,Poquito Mas,,"Mexican, Salad",211.0,3.0,$,34.0321,34.0321,NP2xuOnsAAFkr8MAWdWGdw,POQUITO MAS,2025 WILSHIRE BLVD # #A,SANTA MONICA,
203,Tony's Bella Vista Restaurant & Pizzeria,,"Pizza, Italian",416.0,4.0,$$,34.1695315,34.1695315,1vKk83e8-mF_K7jcsEc_tw,BELLA VISTA,3116 W MAGNOLIA BLVD,BURBANK,
204,Hoi Yeung,,Seafood Markets,31.0,4.5,$$,34.0607639,34.0607639,MK0VewTIJx7juWRKVxaahw,HOI YEUNG SEAFOOD MARKET,716 N BROADWAY,LOS ANGELES,
205,Little Caesars Pizza,,"Pizza, Fast Food",34.0,2.0,$,33.9039200006304,33.9039200006304,u6x33jWawmSpkV-A8x1ytw,LITTLE CAESARS #5728,8526 1/2 E ROSECRANS AVE,PARAMOUNT,
206,Starbucks,,Coffee & Tea,104.0,3.0,$$,33.9852986,33.9852986,FRMy2SrDWs1-QrJXSYsRXw,STARBUCKS #20139,11270 WHITTIER BLVD,WHITTIER,
207,,,,,,,,,,CBS STUDIO CENTER CARLAS CAF,4024 RADFORD AVE,STUDIO CITY,
208,,,,,,,,,,ACE SUSHI @ ALBERTSON'S # 6594,220 E BONITA AVE,SAN DIMAS,
209,,,,,,,,,,CERRITOS GAS & MART,11004 SOUTH ST,CERRITOS,
210,Subway,,Sandwiches,25.0,2.0,$,34.020658694302,34.020658694302,bMj-2vZKEtnqKR23pAgzyA,SUBWAY SANDWICHES,10401 VENICE BLVD STE #102,LOS ANGELES,
211,El Nuevo Mirador Restaurant,,"Mexican, Salvadoran",9.0,3.5,$,34.04754,34.04754,UyB7b_hAqVLMuG0apmgY8g,EL NUEVO MIRADOR,2705 W PICO BLVD,LOS ANGELES,
212,Pizza Hut,,"Pizza, Italian, Chicken Wings",77.0,2.0,$,34.2565224999225,34.2565224999225,6pXqN3_ftluPkn7MWBusJA,PIZZA HUT,10231 RESEDA BLVD,NORTHRIDGE,
213,Panaderia La Mexicana,,Bakeries,24.0,4.5,$,34.067234,34.067234,kmgsV_TbF8MXRijjsGQfTg,PANADERIA LA MEXICANA,13914 E FRANCISQUITO AVE STE B&C,BALDWIN PARK,
214,Tarzana Tech,,"IT Services & Computer Repair, Electronics Repair",42.0,5.0,,34.169354,34.169354,CtsxJ2FhehVut_SpWUXv9A,TARZANA CIRCLE K,18524 VENTURA BLVD,TARZANA,
215,Pacific Wheel Pizza,,"Pizza, Burgers, Ice Cream & Frozen Yogurt",11.0,2.0,$,34.0085755,34.0085755,xAh6xLadU5OASDbIhxX7hw,PACIFIC PARK -  WHEEL PIZZA COMPANY,380 SANTA MONICA PIER,SANTA MONICA,
216,,,,,,,,,,EUREST DINING SERVICES 22475,2060 W IMPERIAL HWY,EL SEGUNDO,
217,Sprouts Farmers Market,,"Grocery, Health Markets, Organic Stores",210.0,3.5,$$,34.13982,34.13982,YFd1qFKIJoAg-raJR2S3zw,SPROUTS FARMERS MKT MEAT#257,400 W HUNTINGTON DR,MONROVIA,
218,Café Con Leche,,Cafes,5.0,3.5,$,34.047377,34.047377,vtOPSHJ1Oy2AjbtoE_lJ8w,CAFE CON LECHE,1506 E 1ST ST,LOS ANGELES,
219,Vitamin House,,Vitamins & Supplements,2.0,5.0,,33.8317949,33.8317949,weLWGYUpk2rTe03CYTFOtg,VITAMIN HOUSE,12535 CARSON ST,HAWAIIAN GARDENS,
220,Alma Delias Restaurant,,Mexican,287.0,5.0,$,34.01946,34.01946,2TFxLBZcYqRo-ypIcQe43A,ALMA DELIA'S RESTAURANT,15835 OLD VALLEY BLVD,LA PUENTE,
221,Walmart Neighborhood Market,,"Drugstores, Grocery",22.0,3.0,$$,33.970634,33.970634,1hUqY0efkoK9Ql_9FIoP-A,WALMART MARKET #5688-DELI,6820 EASTERN AVE,BELL GARDENS,
222,Taqueria San Jose,,Mexican,23.0,4.0,$,34.1941,34.1941,e7iaiNfwH3yc75i-kTxy9w,TAQUERIA SAN JOSE,16435 VANOWEN ST STE A,VAN NUYS,
223,Chago Ahogadas Express,,Mexican,2.0,5.0,$,33.987158,33.987158,QmrtEw-FFlzkC51I15dpfQ,JESSIE AHOGADAS EXPRESS,4535 E SLAUSON AVE,MAYWOOD,
224,Super King Markets,,"Grocery, Butcher, Beer, Wine & Spirits",284.0,3.0,$,34.0806183,34.0806183,jG_zqTMmawwOdowev2qKUQ,SUPER KING MARKET-BAKERY,436 AUTO CENTER DR,CLAREMONT,
225,,,,,,,,,,STEP UP ON SECOND-MARKET,1328 2ND ST,SANTA MONICA,
226,LAX-C,,International Grocery,171.0,4.0,$,34.06316,34.06316,hBWDuQxATXTeGXsLGA-aqg,LAX-C RESTAURANT,1100 N MAIN ST # #D,LOS ANGELES,
227,Airport Royal Cuisine,,"African, American (Traditional)",27.0,4.0,,33.94497,33.94497,z-ov7rYczq0WmZ4xJWULyw,AIRPORT ROYAL CUISINE,4956 W CENTURY BLVD STE 10-B,INGLEWOOD,
228,,,,,,,,,,MAY-VERN LIQUOR,3931 E 52ND ST,MAYWOOD,
229,,,,,,,,,,WAL-MART #2609 (BAKERY),2770 CARSON ST,LAKEWOOD,
230,,,,,,,,,,LAS DORADAS,3570 MARTIN LUTHER KING JR BLVD,LYNWOOD,
231,,,,,,,,,,LADY BUG ASIAN GRILL,1841 W REDONDO BEACH BLVD,GARDENA,
232,Meze,,"Mediterranean, Greek, Kebab",309.0,4.0,$,34.1066423,34.1066423,qrIHMsZLOdKyLhq1o9UdAw,MEZE,2662 GRIFFITH PARK BLVD,LOS ANGELES,
233,,,,,,,,,,SUBWAY SANDWICHES,14304 S OCEAN GATE AVE,HAWTHORNE,
234,Kazu Sushi,,"Sushi Bars, Japanese",131.0,4.0,$$$$,34.1392499,34.1392499,DENlYKL3numINYOnpkglYA,KAZU SUSHI,11440 VENTURA BLVD STE,STUDIO CITY,
235,,,,,,,,,,MCDEN'S DONUT,15735 HAWTHORNE BLVD STE #113,LAWNDALE,
236,,,,,,,,,,BYOB A BOBA COMPANY,963 S GLENDORA AVE,WEST COVINA,
237,Shutters On The Beach,,"Hotels, Venues & Event Spaces",557.0,4.0,$$$,34.007192,34.007192,mSNjT2Ic1nyii4iViaJYpQ,SHUTTERS ON THE BEACH - COAST BEACH,1 PICO BLVD,SANTA MONICA,
238,East End Liquor,,"Beer, Wine & Spirits",2.0,5.0,$,34.0626435041993,34.0626435041993,-zV9nFw1W3pNEvC3zlEaXA,EAST END LIQUOR,998 E HOLT AVE,POMONA,
239,,,,,,,,,,WINE EXPO,2933 SANTA MONICA BLVD,SANTA MONICA,
240,Ocha Classic Restaurant,,"Thai, Seafood, Noodles",234.0,3.0,$,34.0982549,34.0982549,BRweQQcGSkLHi1922ERAXA,OCHA CLASSIC RESTAURANT #5,5187 W SUNSET BLVD,LOS ANGELES,
241,,,,,,,,,m1mIciGzB7nsTkd8-xPiZQ,MEDITERRANEAN TRIANGLE,4917 N EAGLE ROCK BLVD,LOS ANGELES,
242,,,,,,,,,s1J-_6nDHhHzJ-NimhcF-g,CHAPINLANDIA MARKET,4328 TWEEDY BLVD,SOUTH GATE,
243,Ramada by Wyndham Los Angeles/Downtown West,,Hotels,130.0,2.5,$$,34.05133,34.05133,_C7df0WKv5HCuhUn4KAusA,RAMADA LOS ANGELES DOWNTOWN WEST,1903 OLYMPIC BLVD,LOS ANGELES,
244,Mariscos Sol Y Mar,,"Seafood, Mexican",40.0,3.0,$$,33.9441223144531,33.9441223144531,5P9iH9hV_2S3lC1APho91w,MARISCOS SOL Y MAR #3,10007 LONG BEACH BLVD,LYNWOOD,
245,Grizzly Bear's Burgers,,American (Traditional),110.0,3.0,$,34.4899970796936,34.4899970796936,E_2LxTvhplubIKCWvQRQ5w,GRIZZLY BEAR'S BURGER,2211 SIERRA HWY,ACTON,
246,Tall Pines Coffee Shop,,"Coffee & Tea, Sports Bars, Mexican",27.0,3.5,$,34.134597,34.134597,_uwwrI72tOQykb2okR9lMA,TALL PINES,1540 S MYRTLE AVE,MONROVIA,
247,Good Stuff Restaurant - Redondo Beach,,"Breakfast & Brunch, American (Traditional), Burgers",575.0,4.0,$$,33.81924,33.81924,BdpybDHDsmfZKpmZ-pmhhw,GOOD STUFF,1617 S PACIFIC COAST HWY,REDONDO BEACH,
248,,,,,,,,,,MC DONALDS,1111 S FIGUEROA ST # 334,LOS ANGELES,
249,El Pollo Loco,,"Fast Food, Mexican",127.0,2.0,$,33.891923,33.891923,tgo2cJxZ-Sql8fhiimLCkg,EL POLLO LOCO INC #5904,15329 S NORMANDIE AVE,GARDENA,
250,Ardy's Place,,"Salad, Coffee & Tea, Sandwiches",30.0,4.5,$,34.1426449,34.1426449,vcmya4nsSo2nO-ay6boMZw,ARDY'S PLACE,441 W COLORADO ST,GLENDALE,
251,,,,,,,,,,AZUSA AERIE NO 2810,1603 N SAN GABRIEL CANYON RD,AZUSA,
252,Vermont Center Market,,"Beer, Wine & Spirits",1.0,3.0,$$,33.99289,33.99289,RhiffsAG8rC8fWRlluk_NA,VERMONT CENTER LIQUOR,5402 S VERMONT AVE,LOS ANGELES,
253,,,,,,,,,_Yl8qTMvQgz-OVY9KDSrBg,CROWON DONUTS,121 S HACIENDA BLVD,LA PUENTE,
254,Dollar Tree,,Discount Store,63.0,3.0,$,34.074256,34.074256,xHmXtHOTBMLMiHrnwvTRCA,DOLLAR TREE #4362,3566 ROSEMEAD BLVD,ROSEMEAD,
255,,,,,,,,,,3 YUAN CANDY & DRIED FRUIT,8118 GARVEY AVE STE #D,ROSEMEAD,
256,CVS Pharmacy,,"Drugstores, Pharmacy, Convenience Stores",24.0,1.5,$$,33.94484,33.94484,NYv07IMysOdCQn5ZYrFeag,CVS/PHARMACY #8853,1645 E 103RD ST,LOS ANGELES,
257,King Taco,,Mexican,311.0,3.0,$,33.9178924560547,33.9178924560547,5mTQwr9OKmPVdy8G_R03sg,KING TACO,12102 S LONG BEACH BLVD,LYNWOOD,
258,TNT Aloha Cafe,,"Hawaiian, Breakfast & Brunch, Cafes",374.0,4.0,$$,33.805648,33.805648,XVuOWRQaq-E4XmecQk2LKA,TNTS ALOHA CAFE,24032 VISTA MONTANA,TORRANCE,
259,Azucena's Tacos,,Mexican,15.0,3.5,$,33.9873009,33.9873009,GyKe-hv1XZLI51n6sbj2-A,AZUCENA'S TACOS AL VAPOR,4451 SLAUSON AVE,MAYWOOD,
260,Carniceria Los Tapatios,,"Butcher, Meat Shops, Imported Food",13.0,4.0,$$,33.9352863281965,33.9352863281965,OWFjluolzHpaueM2UZUDZw,CARNICERIA LOS TAPATIOS,11045 S HAWTHORNE BLVD,INGLEWOOD,
261,La Bufadora Baja Grill Irwindale,,Mexican,223.0,4.0,$,34.1067851,34.1067851,uZRzd4x_wPhZifFd1Tp2ug,TACOS LA BUFADORA #2,16020 ARROW HWY,IRWINDALE,
262,McDonald's,,"Fast Food, Burgers, Coffee & Tea",65.0,3.0,$,34.0639899,34.0639899,UjzEG-M-JVNvBvXSbbGK5g,MCDONALD'S,6335 W WILSHIRE BLVD,LOS ANGELES,
263,,,,,,,,,C95jJ9abbTs__EdaxgRF0A,MY JUICE SPOT/POP'S HOT DOGS,11711 NATIONAL BLVD,LOS ANGELES,
264,,,,,,,,,Wi5gDrJ0YFvKz3ez-WoUVQ,WAHOO'S FISH TACO,1767 S ELENA AVE,REDONDO BEACH,
265,El Rancho Market,,"Grocery, Meat Shops",20.0,3.5,$,34.07813,34.07813,jNixGJ0TDo9lESS8xJTEPQ,EL RANCHO MEAT MARKET,1115 N ALVARADO ST,LOS ANGELES,
266,Hot Dog on a Stick,,Hot Dogs,24.0,4.0,$,34.070855,34.070855,t1Swf3qHQ7oZKD4s3_hOBQ,HOT DOG ON A STICK,803 PLAZA DR #803,WEST COVINA,
267,Royal Curry Cafe,,"Indian, Halal",494.0,4.5,$$,34.148806,34.148806,Jx1hDF2_kpgivPfZ8oxk8A,ROYAL CURRY CAFE,4329 LANKERSHIM BLVD,NORTH HOLLYWOOD,
268,Euro Cafe,,"Portuguese, Italian, Breakfast & Brunch",572.0,4.0,$$,34.1207505309619,34.1207505309619,VpHFOao2wBY0K0xucAkGPQ,EURO CAFE,546 E BASELINE RD,CLAREMONT,
269,Mi Ranchito Veracruz,,"Mexican, Breakfast & Brunch",755.0,4.5,$,34.209078,34.209078,I2Y6ajDqATnACo6L9pRbbQ,MI RANCHITO MEXICAN RESTAURANT,13363 SATICOY ST,NORTH HOLLYWOOD,
270,,,,,,,,,,"FUJI FOOD PRODUCTS, INC.",26521 AGOURA RD,CALABASAS,
271,Target,,"Department Stores, Furniture Stores, Electronics",181.0,3.0,$$,34.033547,34.033547,fICe7nUwYkQUSS13opGZpw,TARGET STARBUCKS T-2147,2370 S AZUSA AVE,WEST COVINA,
272,Pizza Hut,,"Pizza, Italian, Chicken Wings",77.0,2.0,$,34.1507047109009,34.1507047109009,ZvqcDl3NDfJxTEag9_CZ7Q,PIZZA HUT DELIVERY,4408 VINELAND AVE,STUDIO CITY,
273,Cafe Beaujolais,,French,1423.0,4.5,$$,34.13921,34.13921,2yTisMkNDVEvrwrkDwYv4g,CAFE BEAUJOLAIS,1712 COLORADO BLVD,LOS ANGELES,
274,,,,,,,,,,GRANDMAMAS THAI KITCHEN RESTAURANT,13230 BURBANK BLVD,SHERMAN OAKS,
275,Half and Half Tea Express,,"Bubble Tea, Coffee & Tea, Juice Bars & Smoothies",331.0,3.5,$,34.1511849,34.1511849,A3eWW7H35YQ9XGKGoP4UHQ,HALF & HALF TEA EXPRESS,145 E FOOTHILL BLVD,ARCADIA,
276,Wine and Spirits of the World,,"Beer, Wine & Spirits",3.0,3.5,$$,34.258028,34.258028,sLqJpWlTibwhEvzSYMInCA,WIN & SPIRITS OF THE WORLD,10318 RESEDA BLVD,PORTER RANCH,
277,Yoshinoya,,Japanese,30.0,3.0,$,33.97077,33.97077,M2OA4xgHOF8jdO4A1yZ-kA,YOSHINOYA REST #2123,11400 WASHINGTON BLVD,SANTA FE SPRINGS,
278,Jamba Juice,,Juice Bars & Smoothies,66.0,3.0,$$,34.1157500445843,34.1157500445843,bBAyXMafx0LMs3yKf2JeXg,JAMBA JUICE,1614 FOOTHILL BLVD,LA VERNE,
279,Santa Monica Pizza Kitchen,,"Pizza, Sandwiches, Salad",389.0,4.0,$,34.02626,34.02626,548X-vd3OUdsym9xCHp_3g,SANTA MONICA PIZZA,1318 WILSHIRE BLVD,SANTA MONICA,
280,,,,,,,,,,RALPHS MARKET #84 - MEAT DEPT,29675 THE OLD RD,CASTAIC,
281,,,,,,,,,,WIENERSCHINITZEL  #316,1212 N AZUSA,COVINA,
282,,,,,,,,,SnCses_quyyz10j5m2x80w,PIECE O' PIZZA & DELI 2,2350 SEPULVEDA BLVD # G,TORRANCE,
283,Nordstrom,,"Department Stores, Men's Clothing, Women's Clothing",372.0,3.0,$$$,33.8634588,33.8634588,nmUvE0LF4BIbm7Z_d6vFHw,E-BAR CAFE NORDSTROM,300 LOS CERRITOS MALL,CERRITOS,
284,Sidecar Doughnuts & Coffee,,"Donuts, Coffee & Tea",2091.0,4.5,$$,34.021412,34.021412,qjgmn0KVwBwm8rvynEQsVQ,SIDECAR DOUGHNUTS AND COFFEE,631 WILSHIRE BLVD STE D,SANTA MONICA,
285,Volcano Wok,,"Chinese, Hawaiian",75.0,3.0,$,34.0976638793945,34.0976638793945,kvTk6OsE4w0sgTPNoxk95w,VOLCANO WOK INC.,7040 W SUNSET BLVD STE #D,LOS ANGELES,
286,Cleo Hollywood,,"Mediterranean, Venues & Event Spaces, Tapas/Small Plates",1752.0,4.0,$$$,34.1023799,34.1023799,CV0KQ5WpplP2hmzMFtjlgQ,CLEO,1717 N VINE ST,LOS ANGELES,
287,Genesis Restaurante Y Pupuseria,,Salvadoran,42.0,3.5,$,34.0925506,34.0925506,zWbWiJYxBcAc3_bkj1jhGA,GENESIS RESTAURANT Y PUPUSER,901 CYPRESS AVE,LOS ANGELES,
288,WaBa Grill,,"Asian Fusion, Fast Food",64.0,3.0,$,33.833644901917,33.833644901917,KgM_U5kTmUhMhJpYr2FpOw,WABA GRILL,4144 1/2 WOODRUFF AVE,LAKEWOOD,
289,Cafe Milan,,"Breakfast & Brunch, Coffee & Tea",361.0,4.0,$$,33.959547,33.959547,wYMeZE-GZnE-PLDl5XuqdA,CAFE MILAN,205 CULVER BLVD,PLAYA DEL REY,
290,Frank's Liquor Store,,"Beer, Wine & Spirits",9.0,2.5,$,34.0131639601513,34.0131639601513,vLhPDDHHm_GDnlR7T-OT_w,FRANKS LIQUOR,115 BROADWAY,SANTA MONICA,
291,Rori's Artisanal Creamery,,Ice Cream & Frozen Yogurt,314.0,4.5,$$,34.0286882919291,34.0286882919291,2TPfbo37IpfMN-hAPnltDQ,RORI'S ARTISANAL CREAMERY,910 MONTANA AVE,SANTA MONICA,
292,Subway,,Sandwiches,22.0,3.0,$,34.0472215077587,34.0472215077587,OOEZBmR4N0F-7iROtKySAQ,SUBWAY,15302 W SUNSET BLVD,PACIFIC PALISADES,
293,Pineapple Hill Saloon & Grill,,"Bars, American (Traditional), Burgers",562.0,4.0,$$,34.1524429081099,34.1524429081099,vM8vpgLzw3HTRYJAXWoVTQ,PINEAPPLE HILL SALOON GRILL,4454 VAN NUYS BLVD STE #N,SHERMAN OAKS,
294,Myung Dong Tofu House,,Korean,228.0,4.0,$$,34.0573313,34.0573313,EiYF4iMjBqa5AtuT4OIL3g,MYUNG DONG TOFU HOUSE,1025 S GLENDORA AVE,WEST COVINA,
295,Sam's Burgers,,"Mexican, Burgers",43.0,2.5,$,33.9672966003418,33.9672966003418,2a4bY1XYVAabxk8LJQbSaA,SAM'S BURGERS & FAST FOOD,6007 E FLORENCE AVE,BELL GARDENS,
296,Chicken King Express,,Mediterranean,292.0,4.5,$$,34.1512688,34.1512688,RmLmXuAjLqj2TQwM-5-aDg,CHICKEN KING EXPRESS,445 W FOOTHILL BLVD,MONROVIA,
297,,,,,,,,,,PENANG COVINA CUISINE,971 S GLENDORA AVE,WEST COVINA,
298,Air Canada,,Airlines,343.0,1.5,,33.9452163,33.9452163,kIRdzjP5YoHVnju6naWU4Q,AIR CANADA MAPLE LEAF LOUNGE,200 WORLD WAY # T2,LOS ANGELES,
299,Colima Bar,,Dive Bars,1.0,4.0,,33.974422,33.974422,UR2LZTurXHDxt8jSUAzK_g,EL COLIMA BAR,1748 E FLORENCE AVE,LOS ANGELES,
300,,,,,,,,,,LA ESPERANZA MARKET,7829 EASTERN AVE,BELL GARDENS,
301,Taste of India,,Indian,285.0,4.0,$$,34.1685449,34.1685449,Ac222fVZTE0BlccAJhp2eA,TASTE OF INDIA,21833 VENTURA BLVD,WOODLAND HILLS,
302,Tottino's Pizza,,"Pizza, Italian, Sandwiches",92.0,3.0,$,33.9780825,33.9780825,CQjMMmIokl6OnfWyVenykg,TOTTINO'S PIZZA,1139 N LA BREA AVE,INGLEWOOD,
303,,,,,,,,,,PATRA'S DRIVE-IN,2319 SAN FERNANDO BLVD,LOS ANGELES,
304,,,,,,,,,qyN8BxBioJc5XwWUIISAeQ,OZZIE'S DINER,7780 E SLAUSON AVE,LOS ANGELES,
305,,,,,,,,,,LOTERIA BAR AND GRILL,500 WORLD WAY,LOS ANGELES,
306,Vendome Wine & Spirits,,"Beer, Wine & Spirits",68.0,4.0,$$,34.0630508,34.0630508,W-PussDpo5bR_1VDsSB3eQ,VENDOME WINE AND SPIRITS,270 S ROBERTSON BLVD,BEVERLY HILLS,
307,Charlie's Kosher Delicatessen,,"Delis, Kosher, Sandwiches",22.0,4.5,$,34.0552353858948,34.0552353858948,MXtCBKFbusuITHBt6INV2A,CHARLIE'S KOSHER DELI,9124 W PICO BLVD,LOS ANGELES,
308,K's Bronx Pizzeria & Italian,,"Pizza, Italian",276.0,4.0,$,34.201471,34.201471,SDjeqn5rlfwto5y4i-QPBw,BRONX PIZZERIA,22207 SHERMAN WAY,CANOGA PARK,
309,Jack in the Box,,"Fast Food, Burgers, Tacos",39.0,3.0,$,33.8773725359459,33.8773725359459,a1-J4p7LZXKQsvhz6ijZfA,JACK IN THE BOX #5350,3940 REDONDO BEACH BLVD,TORRANCE,
310,Starbucks,,Coffee & Tea,94.0,3.5,$$,33.7631845,33.7631845,cv8guJfitnDrs4Z8DYpnjg,STARBUCKS COFFEE #6431,28166 S WESTERN AVE,SAN PEDRO,
311,China Buffet,,"Buffets, Chinese, Mongolian",102.0,2.5,$,34.2007,34.2007,C1G6Zp-yh23ITyjfhptOwg,CHINA BUFFET,21730 SHERMAN WAY,CANOGA PARK,
312,Food 4 Less,,Grocery,22.0,2.0,$,33.99379,33.99379,_Xja2GOS_S_4A7Qj2iLI0A,FOOD 4 LESS MEAT MARKET,5318 S MAIN ST,LOS ANGELES,
313,Starlite Market,,Shopping,3.0,2.5,$,34.0551567077637,34.0551567077637,lpQBDNLcCSgzsQYtOoS4iA,STARLITE MARKET,2259 DEL MAR AVE,ROSEMEAD,
314,Tompkins Square Bar & Grill,,"Sports Bars, Burgers, Sandwiches",390.0,4.0,$$,33.9600053234547,33.9600053234547,CthZw--fd0Lztme1rxMUZw,TOMPKINS SQUARE BAR & GRILL,8522 LINCOLN BLVD,LOS ANGELES,
315,Coco's Bakery Restaurant,,"American (Traditional), Bakeries",178.0,3.0,$$,33.86618,33.86618,BdbbT-FLCglLXVNO-hts6w,COCO'S #842,18120 HAWTHORNE BLVD # 842,TORRANCE,
316,Tokyo Central,,International Grocery,581.0,4.0,$$,33.87208,33.87208,a2Rz7l0Mq-0pGqKqFz6PQg,TOKYO CENTRAL DELI,1740 W ARTESIA BLVD,GARDENA,
317,Voda Spa,,"Saunas, Waxing, Massage Therapy",413.0,3.5,$$$,34.090479,34.090479,yRDND_LgkpqniLXwweVGEg,VODA CAFE,7700 SANTA MONICA BLVD,WEST HOLLYWOOD,
318,Del Taco,,Mexican,58.0,2.5,$,33.985252,33.985252,V0IohEPl4t7B33GSY7giaQ,DEL TACO #1028,8650 E WASHINGTON BLVD,PICO RIVERA,
319,,,,,,,,,,AMELIAS,2645 MAIN ST,SANTA MONICA,
320,,,,,,,,,B7GciRPjUgHALxh92rK5ag,UFC JUICE BAR,8920 GLENDON WAY,ROSEMEAD,
321,Ang Karinderia Amerikana,,"Filipino, Asian Fusion, Food Court",12.0,4.5,$,34.0579267429988,34.0579267429988,oEVI2nJ2Qur6ySacGcVj7w,ANG KARINDERIA AMERIKANA,989 S GLENDORA AVE #15,WEST COVINA,
322,,,,,,,,,,KOGI KING,1145 S WESTERN AVE,LOS ANGELES,
323,London Gastropub,,"Gastropubs, American (Traditional)",482.0,3.0,$$,34.1473937,34.1473937,XwgkB_ZP2WWFNu7XRBa8HA,LONDON GASTROPUB,419 S MYRTLE AVE,MONROVIA,
324,Rib Factory Restaurant,,Barbeque,69.0,3.5,$,33.87343,33.87343,EEposZKDArlUgjTy3XTYNQ,THE RIB FACTORY,10113 E ARTESIA BLVD,BELLFLOWER,
325,Royal Spa Car Wash,,"Car Wash, Auto Detailing",109.0,3.5,,34.580419,34.580419,Ub_UDH6z4Jzh86_wEWOu7g,ROYAL CAR WASH,2603 E PALMDALE BLVD,PALMDALE,
326,Red Lion Tavern,,"Pubs, German",1645.0,4.0,$$,34.09921755262867,34.09921755262867,-kXz-ND_kQuBnOhpdlN7gA,RED LION TAVERN,2366 GLENDALE BLVD,LOS ANGELES,
327,Chinatown Express,,Chinese,5.0,5.0,$,33.9625570178032,33.9625570178032,ZUnLu7FP8F0xdS0PriGfmA,CHINATOWN EXPRESS,7940 ATLANTIC AVE UNIT D,CUDAHY,
328,Peppone Ristorante,,"Italian, Bars",156.0,3.5,$$$,34.065,34.065,GyOuWB-5RWyf1XQTKjSfIg,PEPPONE,11628 BARRINGTON CT,LOS ANGELES,
329,Bardot,,"American (New), Bars, Breakfast & Brunch",1077.0,4.0,$$,34.0965270620125,34.0965270620125,LWN_UEueFvwB7whooBfPjA,BARDOT,206 W BONITA AVE STE 1,CLAREMONT,
330,Oriental House Restaurant,,Chinese,98.0,4.0,$,34.0379824,34.0379824,Vqjceg7VmKEMI8w1Wi6bRw,ORIENTAL HOUSE RESTAURANT,2302 S LA CIENEGA BLVD,LOS ANGELES,
331,The Pikey,,"British, Venues & Event Spaces, Cocktail Bars",668.0,4.0,$$,34.0981715,34.0981715,XLUqiDlu6RqZdxTCK2tVEA,HORSES PUB/THE PIKEY,7617 W SUNSET BLVD,LOS ANGELES,
332,Little Caesars,,Pizza,25.0,2.0,$,34.672193,34.672193,S_02lTZzq404MeenUvH9Qg,LITTLE CAESAR'S PIZZA,43440 W 10TH ST W # A109,LANCASTER,
333,,,,,,,,,,EL BAJIO MARKET,4501 S MAIN ST,LOS ANGELES,
334,El Sauz Meat Market,,Grocery,3.0,4.5,$$,34.27718,34.27718,W216QxaSTRbGSk4ubPHS9A,EL SAUZ MEAT MARKET,13236 PAXTON ST # 9,PACOIMA,
335,Starbucks,,Coffee & Tea,215.0,2.5,$,34.1716812733942,34.1716812733942,hyi5sy3jM2x1-fLs8DVpAw,STARBUCKS #20895,12106 W BURBANK BLVD,VALLEY VILLAGE,
336,Chipotle Mexican Grill,,"Mexican, Fast Food",267.0,2.5,$,33.937815,33.937815,74VzivSUGziQt-gudyedZg,CHIPOTLE MEXICAN GRILL,8500 FIRESTONE BLVD,DOWNEY,
337,Anko,,"Desserts, Coffee & Tea, Shaved Ice",658.0,4.0,$,34.0669778875893,34.0669778875893,2diQcj7sFRBbcXwJ5zmnvQ,ANKO BY SERVE O,400 S WESTERN AVE # 103,LOS ANGELES,
338,Fat Tomato Pizza,,"Pizza, Gluten-Free, Vegan",233.0,4.0,$$,33.858336,33.858336,6KgkmqQZ03bepJMOKqaymw,FAT TOMATO PIZZA,446 PACIFIC COAST HWY,HERMOSA BEACH,
339,Kachi Deli Cafe & Grill,,"Vegetarian, American (Traditional), Cafes",278.0,4.0,$$,34.05255,34.05255,DClYRlew4KHRoAijJ5mpUA,KACHI DELI CAFE,1055 WILSHIRE BLVD LOWR #1,LOS ANGELES,
340,Vinny's Pizza,,"Pizza, Salad, Italian",254.0,4.0,$,33.91911,33.91911,fEkyRJi9TCTxcEl2Fm6rWA,VINNY'S PIZZA,310 E GRAND AVE STE #109,EL SEGUNDO,
341,Cafe Culture,,"Coffee & Tea, Sandwiches, Middle Eastern",103.0,4.0,$,34.1696132,34.1696132,Jr9oLs7iBDKNzwc2zn9rcQ,CAFE CULTURE,1359 N ALTADENA DR,PASADENA,
342,American Gas,,Gas Stations,6.0,4.0,,34.09877,34.09877,Azzu9GyiebPiUekJnGqaEA,TEMPLE CITY AMERICAN GAS,5329 S BALDWIN AVE,TEMPLE CITY,
343,Fortune Express,,Chinese,75.0,3.0,$,34.38244,34.38244,RGEMe88ivCTMSDMpxwMwrg,FORTUNE EXPRESS,24935 PICO CANYON RD,STEVENSON RANCH,
344,,,,,,,,,RgQTBKeH3PZ9LDHbM5VoRA,BLACK BEAR DINER,24021 HAWTHORNE BLVD,TORRANCE,
345,La Adelita Food Company,,"Desserts, Mexican",17.0,3.0,$,34.0471,34.0471,anSOASkaXJPwp6ab2hUEjQ,LA ADELITA FOOD CO,4000 W PICO BLVD # #102,LOS ANGELES,
346,Eastern Buffet,,"Chinese, Buffets",23.0,1.5,$,33.88692,33.88692,bMTSNvjKHP0pqjIo3IhDOA,EASTERN BUFFET,16230 S PARAMOUNT BLVD STE A,PARAMOUNT,
347,Pavilions,,"Grocery, Pharmacy",348.0,3.5,$$,34.0837913,34.0837913,tbaHrizfUidjkm5JWwxPMA,PAVILIONS #2739  - SUSHI DEPT,8969 SANTA MONICA BLVD,WEST HOLLYWOOD,
348,carniceria la diferencia,,"Butcher, Grocery",3.0,3.5,,34.3185049295425,34.3185049295425,oVvH6qtOWORpV5BZsm5SFg,CARNICERIA LA DIFERENCIA,13569 GLENOAKS BLVD,SYLMAR,
349,Paraiso Restaurant,,Mexican,3.0,1.5,,34.0498461574316,34.0498461574316,PZDu7K_g7LnrAYFA7nykdA,PARAISO RESTAURANT,113 W 3RD ST,LOS ANGELES,
350,,,,,,,,,RJqKDPUrRX_e8omJPtlVjw,THE TOMATO PATCH,19730 VENTURA BLVD,WOODLAND HILLS,
351,V & L Meat & Grill,,Meat Shops,2.0,5.0,$,34.201515,34.201515,wsa2qb2i722XSzdiWagadw,V & L MEAT AND GRILL,11535 SHERMAN WAY,NORTH HOLLYWOOD,
352,Marie Callender's Restaurant & Bakery,,"American (Traditional), Bakeries, Breakfast & Brunch",116.0,2.5,$$,33.854129931386,33.854129931386,kw5W0-JfZiKqx_bK1UNEwQ,MARIE CALLENDER'S #12,4419 CANDLEWOOD ST,LAKEWOOD,
353,,,,,,,,,,QUEEN  TACO,10407 ATLANTIC AVE,SOUTH GATE,
354,Garey Shell,,Gas Stations,9.0,3.0,,34.02576,34.02576,oUsdZUv3ulGBS-jqrgYglw,GARRY SHELL,2500 S GAREY AVE,POMONA,
355,Burrito Track No 2,,Mexican,264.0,3.5,$,33.9426727294922,33.9426727294922,dHzXGmsE3hXSkxIAU1N-Tw,DBA BURRITO TRACK NO 2,10027 S MILLS AVE,WHITTIER,
356,,,,,,,,,Ra2eu1yxmndfR24-OVx8DA,SAFFRON,300 S GRAND AVE # LP100,LOS ANGELES,
357,El Rincon Criollo,,"Cuban, Spanish, Latin American",497.0,3.5,$$,34.003295,34.003295,o6TD4HVmb635IEU5kPBnpg,EL RINCON CRIOLLO,4361 SEPULVEDA BLVD,CULVER CITY,
358,Doublz,,"Burgers, Chicken Wings, Fast Food",134.0,2.5,$,34.03403617,34.03403617,vb9ANzs6PcWxTFaei4DunA,"LP DOUBLZ, INC.",825 N HACIENDA BLVD,LA PUENTE,
359,Chevron,,Gas Stations,18.0,3.0,,33.74303,33.74303,TCVvwhm-pqlFAsHIOIITcQ,CHEVRON FOOD MART,106 S GAFFEY ST,SAN PEDRO,
